"time","ssrd"
"202412311900",670.36
"202412312000",0
"202412312100",0
"202412312200",0
"202412312300",0
"202501010000",0
"202501010100",0
"202501010200",0
"202501010300",0
"202501010400",0
"202501010500",0
"202501010600",0
"202501010700",0
"202501010800",0
"202501010900",3.89111111111111
"202501011000",81.1777777777778
"202501011100",260.056666666667
"202501011200",463.214444444444
"202501011300",671.282222222222
"202501011400",929.42
"202501011500",1148.52333333333
"202501011600",1273.95333333333
"202501011700",1312.97888888889
"202501011800",1313.24
"202501011900",1313.24
"202501012000",0
"202501012100",0
"202501012200",0
"202501012300",0
"202501020000",0
"202501020100",0
"202501020200",0
"202501020300",0
"202501020400",0
"202501020500",0
"202501020600",0
"202501020700",0
"202501020800",0
"202501020900",2.59333333333333
"202501021000",44.4111111111111
"202501021100",124.113333333333
"202501021200",273.391111111111
"202501021300",450.015555555556
"202501021400",675.8
"202501021500",845.021111111111
"202501021600",933.356666666667
"202501021700",969.926666666667
"202501021800",970.216666666667
"202501021900",970.216666666667
"202501022000",0
"202501022100",0
"202501022200",0
"202501022300",0
"202501030000",0
"202501030100",0
"202501030200",0
"202501030300",0
"202501030400",0
"202501030500",0
"202501030600",0
"202501030700",0
"202501030800",0
"202501030900",2.08611111111111
"202501031000",48.0611111111111
"202501031100",143.56
"202501031200",282.652222222222
"202501031300",435.738888888889
"202501031400",573.01
"202501031500",695.823333333333
"202501031600",779.383333333333
"202501031700",807.074444444444
"202501031800",807.436666666667
"202501031900",807.436666666667
"202501032000",0
"202501032100",0
"202501032200",0
"202501032300",0
"202501040000",0
"202501040100",0
"202501040200",0
"202501040300",0
"202501040400",0
"202501040500",0
"202501040600",0
"202501040700",0
"202501040800",0
"202501040900",2.37055555555556
"202501041000",50.6344444444444
"202501041100",147.491111111111
"202501041200",310.502222222222
"202501041300",521.457777777778
"202501041400",728.771111111111
"202501041500",914.038888888889
"202501041600",1030.40111111111
"202501041700",1070.70333333333
"202501041800",1071.44777777778
"202501041900",1071.44777777778
"202501042000",0
"202501042100",0
"202501042200",0
"202501042300",0
"202501050000",0
"202501050100",0
"202501050200",0
"202501050300",0
"202501050400",0
"202501050500",0
"202501050600",0
"202501050700",0
"202501050800",0
"202501050900",2.265
"202501051000",39.4144444444444
"202501051100",125.43
"202501051200",242.093333333333
"202501051300",379.772222222222
"202501051400",508.404444444444
"202501051500",618.412222222222
"202501051600",674.681111111111
"202501051700",696.451111111111
"202501051800",696.874444444444
"202501051900",696.874444444444
"202501052000",0
"202501052100",0
"202501052200",0
"202501052300",0
"202501060000",0
"202501060100",0
"202501060200",0
"202501060300",0
"202501060400",0
"202501060500",0
"202501060600",0
"202501060700",0
"202501060800",0
"202501060900",1.93722222222222
"202501061000",39.2088888888889
"202501061100",122.481111111111
"202501061200",260.376666666667
"202501061300",402.224444444444
"202501061400",513.764444444444
"202501061500",618.584444444444
"202501061600",685.326666666667
"202501061700",712.006666666667
"202501061800",712.814444444444
"202501061900",712.814444444444
"202501062000",0
"202501062100",0
"202501062200",0
"202501062300",0
"202501070000",0
"202501070100",0
"202501070200",0
"202501070300",0
"202501070400",0
"202501070500",0
"202501070600",0
"202501070700",0
"202501070800",0
"202501070900",3.16944444444444
"202501071000",61.3844444444444
"202501071100",193.892222222222
"202501071200",366.846666666667
"202501071300",525.265555555556
"202501071400",686.048888888889
"202501071500",838.288888888889
"202501071600",921.428888888889
"202501071700",951.061111111111
"202501071800",951.9
"202501071900",951.9
"202501072000",0
"202501072100",0
"202501072200",0
"202501072300",0
"202501080000",0
"202501080100",0
"202501080200",0
"202501080300",0
"202501080400",0
"202501080500",0
"202501080600",0
"202501080700",0
"202501080800",0
"202501080900",2.89333333333333
"202501081000",54.4644444444444
"202501081100",172.785555555556
"202501081200",336.237777777778
"202501081300",526.464444444444
"202501081400",718.494444444444
"202501081500",857.321111111111
"202501081600",953.803333333333
"202501081700",991.637777777778
"202501081800",993.148888888889
"202501081900",993.148888888889
"202501082000",0
"202501082100",0
"202501082200",0
"202501082300",0
"202501090000",0
"202501090100",0
"202501090200",0
"202501090300",0
"202501090400",0
"202501090500",0
"202501090600",0
"202501090700",0
"202501090800",0
"202501090900",5.44055555555556
"202501091000",100.193333333333
"202501091100",318.369444444444
"202501091200",629.986666666667
"202501091300",991.22
"202501091400",1348.18777777778
"202501091500",1650.72555555556
"202501091600",1854.72
"202501091700",1929.35777777778
"202501091800",1931.42666666667
"202501091900",1931.42666666667
"202501092000",0
"202501092100",0
"202501092200",0
"202501092300",0
"202501100000",0
"202501100100",0
"202501100200",0
"202501100300",0
"202501100400",0
"202501100500",0
"202501100600",0
"202501100700",0
"202501100800",0
"202501100900",3.55555555555556
"202501101000",63.3844444444444
"202501101100",203.306666666667
"202501101200",362.627777777778
"202501101300",503.957777777778
"202501101400",673.605555555556
"202501101500",808.723333333333
"202501101600",893.422222222222
"202501101700",934.157777777778
"202501101800",935.894444444444
"202501101900",935.894444444444
"202501102000",0
"202501102100",0
"202501102200",0
"202501102300",0
"202501110000",0
"202501110100",0
"202501110200",0
"202501110300",0
"202501110400",0
"202501110500",0
"202501110600",0
"202501110700",0
"202501110800",0
"202501110900",2.97111111111111
"202501111000",42.5305555555556
"202501111100",154.954444444444
"202501111200",262.985555555556
"202501111300",414.246666666667
"202501111400",567.343333333333
"202501111500",695.353333333333
"202501111600",779.162222222222
"202501111700",814.614444444444
"202501111800",816.81
"202501111900",816.81
"202501112000",0
"202501112100",0
"202501112200",0
"202501112300",0
"202501120000",0
"202501120100",0
"202501120200",0
"202501120300",0
"202501120400",0
"202501120500",0
"202501120600",0
"202501120700",0
"202501120800",0
"202501120900",1.63888888888889
"202501121000",18.955
"202501121100",65.0455555555556
"202501121200",142.706666666667
"202501121300",234.963333333333
"202501121400",374.256666666667
"202501121500",493.694444444444
"202501121600",583.087777777778
"202501121700",622.516666666667
"202501121800",624.823333333333
"202501121900",624.823333333333
"202501122000",0
"202501122100",0
"202501122200",0
"202501122300",0
"202501130000",0
"202501130100",0
"202501130200",0
"202501130300",0
"202501130400",0
"202501130500",0
"202501130600",0
"202501130700",0
"202501130800",0
"202501130900",3.45888888888889
"202501131000",50.895
"202501131100",140.877777777778
"202501131200",338.424444444444
"202501131300",556.843333333333
"202501131400",795.904444444444
"202501131500",1028.71555555556
"202501131600",1160.97888888889
"202501131700",1220.86222222222
"202501131800",1224.55555555556
"202501131900",1224.55555555556
"202501132000",0
"202501132100",0
"202501132200",0
"202501132300",0
"202501140000",0
"202501140100",0
"202501140200",0
"202501140300",0
"202501140400",0
"202501140500",0
"202501140600",0
"202501140700",0
"202501140800",0
"202501140900",3.77888888888889
"202501141000",50.4338888888889
"202501141100",164.447222222222
"202501141200",306.556666666667
"202501141300",471.042222222222
"202501141400",619.105555555556
"202501141500",754.847777777778
"202501141600",850.714444444444
"202501141700",892.227777777778
"202501141800",895.447777777778
"202501141900",895.447777777778
"202501142000",0
"202501142100",0
"202501142200",0
"202501142300",0
"202501150000",0
"202501150100",0
"202501150200",0
"202501150300",0
"202501150400",0
"202501150500",0
"202501150600",0
"202501150700",0
"202501150800",0
"202501150900",6.18777777777778
"202501151000",98.5661111111111
"202501151100",316.066111111111
"202501151200",644.886666666667
"202501151300",1017.63777777778
"202501151400",1321.24111111111
"202501151500",1548.61888888889
"202501151600",1658.77666666667
"202501151700",1711.23111111111
"202501151800",1714.88111111111
"202501151900",1714.88111111111
"202501152000",0
"202501152100",0
"202501152200",0
"202501152300",0
"202501160000",0
"202501160100",0
"202501160200",0
"202501160300",0
"202501160400",0
"202501160500",0
"202501160600",0
"202501160700",0
"202501160800",0
"202501160900",4.915
"202501161000",80.0927777777778
"202501161100",248.755555555556
"202501161200",515.611111111111
"202501161300",714.04
"202501161400",898.658888888889
"202501161500",1044.55666666667
"202501161600",1134.04333333333
"202501161700",1177.26888888889
"202501161800",1180.83333333333
"202501161900",1180.83333333333
"202501162000",0
"202501162100",0
"202501162200",0
"202501162300",0
"202501170000",0
"202501170100",0
"202501170200",0
"202501170300",0
"202501170400",0
"202501170500",0
"202501170600",0
"202501170700",0
"202501170800",0
"202501170900",1.94722222222222
"202501171000",26.87
"202501171100",126.365555555556
"202501171200",282.776666666667
"202501171300",523.468888888889
"202501171400",837.407777777778
"202501171500",1054.86111111111
"202501171600",1170.92222222222
"202501171700",1215.67333333333
"202501171800",1219.97
"202501171900",1219.97
"202501172000",0
"202501172100",0
"202501172200",0
"202501172300",0
"202501180000",0
"202501180100",0
"202501180200",0
"202501180300",0
"202501180400",0
"202501180500",0
"202501180600",0
"202501180700",0
"202501180800",0
"202501180900",4.90277777777778
"202501181000",53.8466666666667
"202501181100",176.306111111111
"202501181200",386.778888888889
"202501181300",622.698888888889
"202501181400",864.654444444444
"202501181500",1056.47777777778
"202501181600",1184.86444444444
"202501181700",1251.60777777778
"202501181800",1258.46555555556
"202501181900",1258.46555555556
"202501182000",0
"202501182100",0
"202501182200",0
"202501182300",0
"202501190000",0
"202501190100",0
"202501190200",0
"202501190300",0
"202501190400",0
"202501190500",0
"202501190600",0
"202501190700",0
"202501190800",0
"202501190900",6.41166666666667
"202501191000",79.45
"202501191100",241.113888888889
"202501191200",506.372222222222
"202501191300",839.867777777778
"202501191400",1199.08555555556
"202501191500",1508.12111111111
"202501191600",1701.27555555556
"202501191700",1798.4
"202501191800",1807.94222222222
"202501191900",1807.94222222222
"202501192000",0
"202501192100",0
"202501192200",0
"202501192300",0
"202501200000",0
"202501200100",0
"202501200200",0
"202501200300",0
"202501200400",0
"202501200500",0
"202501200600",0
"202501200700",0
"202501200800",0
"202501200900",8.16388888888889
"202501201000",91.3655555555556
"202501201100",276.206111111111
"202501201200",557.932222222222
"202501201300",888.051111111111
"202501201400",1217.68222222222
"202501201500",1503.72555555556
"202501201600",1678.41777777778
"202501201700",1780.06888888889
"202501201800",1790.83777777778
"202501201900",1790.83777777778
"202501202000",0
"202501202100",0
"202501202200",0
"202501202300",0
"202501210000",0
"202501210100",0
"202501210200",0
"202501210300",0
"202501210400",0
"202501210500",0
"202501210600",0
"202501210700",0
"202501210800",0
"202501210900",9.44888888888889
"202501211000",106.332777777778
"202501211100",336.726666666667
"202501211200",659.061666666667
"202501211300",1034.37555555556
"202501211400",1415.64388888889
"202501211500",1761.38166666667
"202501211600",2011.59333333333
"202501211700",2133.43555555556
"202501211800",2146.66555555556
"202501211900",2146.66555555556
"202501212000",0
"202501212100",0
"202501212200",0
"202501212300",0
"202501220000",0
"202501220100",0
"202501220200",0
"202501220300",0
"202501220400",0
"202501220500",0
"202501220600",0
"202501220700",0
"202501220800",0
"202501220900",5.88055555555556
"202501221000",49.1783333333333
"202501221100",167.632222222222
"202501221200",342.828333333333
"202501221300",533.568333333333
"202501221400",825.465555555556
"202501221500",1086.03888888889
"202501221600",1246.55777777778
"202501221700",1291.73555555556
"202501221800",1299.69888888889
"202501221900",1299.69888888889
"202501222000",0
"202501222100",0
"202501222200",0
"202501222300",0
"202501230000",0
"202501230100",0
"202501230200",0
"202501230300",0
"202501230400",0
"202501230500",0
"202501230600",0
"202501230700",0
"202501230800",0
"202501230900",6.55388888888889
"202501231000",75.9944444444444
"202501231100",216.298888888889
"202501231200",402.178333333333
"202501231300",646.493333333333
"202501231400",867.216666666667
"202501231500",1088.3
"202501231600",1253.44666666667
"202501231700",1318.98
"202501231800",1328.83555555556
"202501231900",1328.83555555556
"202501232000",0
"202501232100",0
"202501232200",0
"202501232300",0
"202501240000",0
"202501240100",0
"202501240200",0
"202501240300",0
"202501240400",0
"202501240500",0
"202501240600",0
"202501240700",0
"202501240800",0
"202501240900",13.85
"202501241000",138.302222222222
"202501241100",394.898333333333
"202501241200",756.132222222222
"202501241300",1177.69666666667
"202501241400",1601.6
"202501241500",1975.43944444444
"202501241600",2253.24555555556
"202501241700",2394.79333333333
"202501241800",2413.46888888889
"202501241900",2413.46888888889
"202501242000",0
"202501242100",0
"202501242200",0
"202501242300",0
"202501250000",0
"202501250100",0
"202501250200",0
"202501250300",0
"202501250400",0
"202501250500",0
"202501250600",0
"202501250700",0
"202501250800",0
"202501250900",13.2783333333333
"202501251000",133.716666666667
"202501251100",368.871111111111
"202501251200",592.178888888889
"202501251300",820.097777777778
"202501251400",1061.32222222222
"202501251500",1202.31555555556
"202501251600",1328.76944444444
"202501251700",1401.52333333333
"202501251800",1413.84666666667
"202501251900",1413.84666666667
"202501252000",0
"202501252100",0
"202501252200",0
"202501252300",0
"202501260000",0
"202501260100",0
"202501260200",0
"202501260300",0
"202501260400",0
"202501260500",0
"202501260600",0
"202501260700",0
"202501260800",0
"202501260900",9.54888888888889
"202501261000",88.0255555555556
"202501261100",275.672777777778
"202501261200",571.659444444444
"202501261300",923.001666666667
"202501261400",1299.11277777778
"202501261500",1635.26277777778
"202501261600",1898.47666666667
"202501261700",2037.07444444444
"202501261800",2058.08222222222
"202501261900",2058.08222222222
"202501262000",0
"202501262100",0
"202501262200",0
"202501262300",0
"202501270000",0
"202501270100",0
"202501270200",0
"202501270300",0
"202501270400",0
"202501270500",0
"202501270600",0
"202501270700",0
"202501270800",0
"202501270900",6.58777777777778
"202501271000",74.97
"202501271100",187.042222222222
"202501271200",310.621666666667
"202501271300",466.297777777778
"202501271400",653.066111111111
"202501271500",953.487777777778
"202501271600",1166.71611111111
"202501271700",1265.17111111111
"202501271800",1282.57444444444
"202501271900",1282.57444444444
"202501272000",0
"202501272100",0
"202501272200",0
"202501272300",0
"202501280000",0
"202501280100",0
"202501280200",0
"202501280300",0
"202501280400",0
"202501280500",0
"202501280600",0
"202501280700",0
"202501280800",0
"202501280900",9.27055555555556
"202501281000",42.2661111111111
"202501281100",85.3633333333333
"202501281200",125.008888888889
"202501281300",182.755
"202501281400",332.664444444444
"202501281500",534.157777777778
"202501281600",723.65
"202501281700",797.866666666667
"202501281800",810.053333333333
"202501281900",810.053333333333
"202501282000",0
"202501282100",0
"202501282200",0
"202501282300",0
"202501290000",0
"202501290100",0
"202501290200",0
"202501290300",0
"202501290400",0
"202501290500",0
"202501290600",0
"202501290700",0
"202501290800",0
"202501290900",13.745
"202501291000",113.513333333333
"202501291100",296.814444444444
"202501291200",569.594444444444
"202501291300",937.461666666667
"202501291400",1264.35166666667
"202501291500",1536.59833333333
"202501291600",1723.59222222222
"202501291700",1829.69444444444
"202501291800",1852.11777777778
"202501291900",1852.11777777778
"202501292000",0
"202501292100",0
"202501292200",0
"202501292300",0
"202501300000",0
"202501300100",0
"202501300200",0
"202501300300",0
"202501300400",0
"202501300500",0
"202501300600",0
"202501300700",0
"202501300800",0
"202501300900",14.6994444444444
"202501301000",101.653333333333
"202501301100",306.790555555556
"202501301200",649.093333333333
"202501301300",1079.92111111111
"202501301400",1524.06944444444
"202501301500",1917.89222222222
"202501301600",2211.92333333333
"202501301700",2371.72222222222
"202501301800",2401.34666666667
"202501301900",2401.34666666667
"202501302000",0
"202501302100",0
"202501302200",0
"202501302300",0
"202501310000",0
"202501310100",0
"202501310200",0
"202501310300",0
"202501310400",0
"202501310500",0
"202501310600",0
"202501310700",0
"202501310800",0
"202501310900",13.5327777777778
"202501311000",82.4022222222222
"202501311100",239.652777777778
"202501311200",512.161666666667
"202501311300",877.216111111111
"202501311400",1064.04722222222
"202501311500",1225.75444444444
"202501311600",1332.06666666667
"202501311700",1391.20333333333
"202501311800",1404.62444444444
"202501311900",1404.62444444444
"202501312000",0
"202501312100",0
"202501312200",0
"202501312300",0
"202502010000",0
"202502010100",0
"202502010200",0
"202502010300",0
"202502010400",0
"202502010500",0
"202502010600",0
"202502010700",0
"202502010800",0
"202502010900",16.7211111111111
"202502011000",113.24
"202502011100",346.034444444444
"202502011200",654.539444444444
"202502011300",951.207222222222
"202502011400",1252.08055555556
"202502011500",1502.47055555556
"202502011600",1715.64555555556
"202502011700",1799.32
"202502011800",1814.57888888889
"202502011900",1814.57888888889
"202502012000",0
"202502012100",0
"202502012200",0
"202502012300",0
"202502020000",0
"202502020100",0
"202502020200",0
"202502020300",0
"202502020400",0
"202502020500",0
"202502020600",0
"202502020700",0
"202502020800",0
"202502020900",9.04555555555556
"202502021000",70.4666666666667
"202502021100",223.916666666667
"202502021200",523.066666666667
"202502021300",909.451111111111
"202502021400",1103.56833333333
"202502021500",1275.525
"202502021600",1485.12444444444
"202502021700",1617.50333333333
"202502021800",1650.63666666667
"202502021900",1650.63666666667
"202502022000",0
"202502022100",0
"202502022200",0
"202502022300",0
"202502030000",0
"202502030100",0
"202502030200",0
"202502030300",0
"202502030400",0
"202502030500",0
"202502030600",0
"202502030700",0
"202502030800",0
"202502030900",8.36222222222222
"202502031000",68.9344444444444
"202502031100",209.213333333333
"202502031200",379.281111111111
"202502031300",639.386111111111
"202502031400",929.787777777778
"202502031500",1207.33666666667
"202502031600",1408.065
"202502031700",1511.33333333333
"202502031800",1539.89222222222
"202502031900",1539.89222222222
"202502032000",0
"202502032100",0
"202502032200",0
"202502032300",0
"202502040000",0
"202502040100",0
"202502040200",0
"202502040300",0
"202502040400",0
"202502040500",0
"202502040600",0
"202502040700",0
"202502040800",0
"202502040900",16.4438888888889
"202502041000",101.087222222222
"202502041100",276.466666666667
"202502041200",491.536111111111
"202502041300",809.085
"202502041400",1135.35722222222
"202502041500",1443.05722222222
"202502041600",1670.81
"202502041700",1791.03333333333
"202502041800",1815.58333333333
"202502041900",1815.58333333333
"202502042000",0
"202502042100",0
"202502042200",0
"202502042300",0
"202502050000",0
"202502050100",0
"202502050200",0
"202502050300",0
"202502050400",0
"202502050500",0
"202502050600",0
"202502050700",0
"202502050800",0
"202502050900",28.3866666666667
"202502051000",181.044444444444
"202502051100",458.567777777778
"202502051200",841.522777777778
"202502051300",1270.815
"202502051400",1720.04
"202502051500",2094.40555555556
"202502051600",2318.34722222222
"202502051700",2451.49444444444
"202502051800",2479.88888888889
"202502051900",2479.88888888889
"202502052000",0
"202502052100",0
"202502052200",0
"202502052300",0
"202502060000",0
"202502060100",0
"202502060200",0
"202502060300",0
"202502060400",0
"202502060500",0
"202502060600",0
"202502060700",0
"202502060800",0
"202502060900",8.79444444444444
"202502061000",68.1866666666667
"202502061100",212.506111111111
"202502061200",544.006666666667
"202502061300",843.181666666667
"202502061400",1143.64944444444
"202502061500",1433.36944444444
"202502061600",1622.19111111111
"202502061700",1705.49444444444
"202502061800",1736.27944444444
"202502061900",1736.27944444444
"202502062000",0
"202502062100",0
"202502062200",0
"202502062300",0
"202502070000",0
"202502070100",0
"202502070200",0
"202502070300",0
"202502070400",0
"202502070500",0
"202502070600",0
"202502070700",0
"202502070800",0
"202502070900",18.0622222222222
"202502071000",100.784444444444
"202502071100",247.456111111111
"202502071200",481.94
"202502071300",745.186111111111
"202502071400",1014.03333333333
"202502071500",1277.97333333333
"202502071600",1486.41611111111
"202502071700",1658.05222222222
"202502071800",1700.46666666667
"202502071900",1700.46666666667
"202502072000",0
"202502072100",0
"202502072200",0
"202502072300",0
"202502080000",0
"202502080100",0
"202502080200",0
"202502080300",0
"202502080400",0
"202502080500",0
"202502080600",0
"202502080700",0
"202502080800",0
"202502080900",18.96
"202502081000",96.7188888888889
"202502081100",254.153333333333
"202502081200",413.81
"202502081300",632.859444444444
"202502081400",880.562777777778
"202502081500",1071.40222222222
"202502081600",1215.58277777778
"202502081700",1298.64611111111
"202502081800",1322.25888888889
"202502081900",1322.25888888889
"202502082000",0
"202502082100",0
"202502082200",0
"202502082300",0
"202502090000",0
"202502090100",0
"202502090200",0
"202502090300",0
"202502090400",0
"202502090500",0
"202502090600",0
"202502090700",0
"202502090800",0
"202502090900",23.7561111111111
"202502091000",126.788888888889
"202502091100",324.983888888889
"202502091200",619.028888888889
"202502091300",988.880555555556
"202502091400",1333.92777777778
"202502091500",1646.94055555556
"202502091600",1885.53055555556
"202502091700",2017.765
"202502091800",2050.83333333333
"202502091900",2050.86444444444
"202502092000",0
"202502092100",0
"202502092200",0
"202502092300",0
"202502100000",0
"202502100100",0
"202502100200",0
"202502100300",0
"202502100400",0
"202502100500",0
"202502100600",0
"202502100700",0
"202502100800",0
"202502100900",42.7438888888889
"202502101000",231.818888888889
"202502101100",553.300555555556
"202502101200",951.939444444444
"202502101300",1362.58111111111
"202502101400",1765.69444444444
"202502101500",2125.53555555556
"202502101600",2388.275
"202502101700",2542.33888888889
"202502101800",2589.59444444444
"202502101900",2589.65722222222
"202502102000",0
"202502102100",0
"202502102200",0
"202502102300",0
"202502110000",0
"202502110100",0
"202502110200",0
"202502110300",0
"202502110400",0
"202502110500",0
"202502110600",0
"202502110700",0
"202502110800",0
"202502110900",35.3133333333333
"202502111000",197.888888888889
"202502111100",494.676666666667
"202502111200",888.182222222222
"202502111300",1313.50111111111
"202502111400",1775.09555555556
"202502111500",2184.10611111111
"202502111600",2506.55055555556
"202502111700",2700.60055555556
"202502111800",2760.26388888889
"202502111900",2760.42888888889
"202502112000",0
"202502112100",0
"202502112200",0
"202502112300",0
"202502120000",0
"202502120100",0
"202502120200",0
"202502120300",0
"202502120400",0
"202502120500",0
"202502120600",0
"202502120700",0
"202502120800",0
"202502120900",44.4444444444444
"202502121000",186.261111111111
"202502121100",391.357222222222
"202502121200",732.695555555556
"202502121300",1077.34833333333
"202502121400",1367.89833333333
"202502121500",1591.84
"202502121600",1745.52777777778
"202502121700",1814.31888888889
"202502121800",1840.13888888889
"202502121900",1840.26666666667
"202502122000",0
"202502122100",0
"202502122200",0
"202502122300",0
"202502130000",0
"202502130100",0
"202502130200",0
"202502130300",0
"202502130400",0
"202502130500",0
"202502130600",0
"202502130700",0
"202502130800",0
"202502130900",33.7183333333333
"202502131000",175.99
"202502131100",485.600555555556
"202502131200",911.881666666667
"202502131300",1409.60388888889
"202502131400",1895
"202502131500",2319.28611111111
"202502131600",2673.69111111111
"202502131700",2889.72388888889
"202502131800",2951.77666666667
"202502131900",2952.25666666667
"202502132000",0
"202502132100",0
"202502132200",0
"202502132300",0
"202502140000",0
"202502140100",0
"202502140200",0
"202502140300",0
"202502140400",0
"202502140500",0
"202502140600",0
"202502140700",0
"202502140800",0
"202502140900",53.8361111111111
"202502141000",234.367777777778
"202502141100",556.706111111111
"202502141200",961.928888888889
"202502141300",1372.42944444444
"202502141400",1770.32388888889
"202502141500",2076.49388888889
"202502141600",2284.70388888889
"202502141700",2409.17888888889
"202502141800",2445.06222222222
"202502141900",2445.51111111111
"202502142000",0
"202502142100",0
"202502142200",0
"202502142300",0
"202502150000",0
"202502150100",0
"202502150200",0
"202502150300",0
"202502150400",0
"202502150500",0
"202502150600",0
"202502150700",0
"202502150800",0.0283333333333333
"202502150900",19.6411111111111
"202502151000",94.5533333333333
"202502151100",248.350555555556
"202502151200",515.138333333333
"202502151300",824.52
"202502151400",1114.91666666667
"202502151500",1419.91833333333
"202502151600",1603.82888888889
"202502151700",1709.42944444444
"202502151800",1747.92222222222
"202502151900",1748.53666666667
"202502152000",0
"202502152100",0
"202502152200",0
"202502152300",0
"202502160000",0
"202502160100",0
"202502160200",0
"202502160300",0
"202502160400",0
"202502160500",0
"202502160600",0
"202502160700",0
"202502160800",0.0627777777777778
"202502160900",20.1183333333333
"202502161000",106.032222222222
"202502161100",258.927777777778
"202502161200",471.775
"202502161300",778.727222222222
"202502161400",1026.11388888889
"202502161500",1234.67222222222
"202502161600",1402.24722222222
"202502161700",1524.77166666667
"202502161800",1570.16388888889
"202502161900",1571.23555555556
"202502162000",0
"202502162100",0
"202502162200",0
"202502162300",0
"202502170000",0
"202502170100",0
"202502170200",0
"202502170300",0
"202502170400",0
"202502170500",0
"202502170600",0
"202502170700",0
"202502170800",0.253333333333333
"202502170900",57.7905555555556
"202502171000",247.972777777778
"202502171100",546.846666666667
"202502171200",934.852777777778
"202502171300",1342.19777777778
"202502171400",1761.68555555556
"202502171500",2166.45944444444
"202502171600",2489.53333333333
"202502171700",2677.74444444444
"202502171800",2748.91333333333
"202502171900",2750.55333333333
"202502172000",0
"202502172100",0
"202502172200",0
"202502172300",0
"202502180000",0
"202502180100",0
"202502180200",0
"202502180300",0
"202502180400",0
"202502180500",0
"202502180600",0
"202502180700",0
"202502180800",0.407222222222222
"202502180900",39.0566666666667
"202502181000",177.232777777778
"202502181100",392.222222222222
"202502181200",664.075555555556
"202502181300",982.430555555556
"202502181400",1438.92611111111
"202502181500",1828.96277777778
"202502181600",2108.41166666667
"202502181700",2266.84888888889
"202502181800",2315.14055555556
"202502181900",2316.99166666667
"202502182000",0
"202502182100",0
"202502182200",0
"202502182300",0
"202502190000",0
"202502190100",0
"202502190200",0
"202502190300",0
"202502190400",0
"202502190500",0
"202502190600",0
"202502190700",0
"202502190800",0.475555555555556
"202502190900",39.7272222222222
"202502191000",163.046111111111
"202502191100",397.497777777778
"202502191200",693.38
"202502191300",969.245555555556
"202502191400",1309.03333333333
"202502191500",1629.74222222222
"202502191600",1880.25888888889
"202502191700",2058.73611111111
"202502191800",2114.63611111111
"202502191900",2116.59388888889
"202502192000",0
"202502192100",0
"202502192200",0
"202502192300",0
"202502200000",0
"202502200100",0
"202502200200",0
"202502200300",0
"202502200400",0
"202502200500",0
"202502200600",0
"202502200700",0
"202502200800",0.731666666666667
"202502200900",41.7372222222222
"202502201000",156.328888888889
"202502201100",311.117222222222
"202502201200",560.497222222222
"202502201300",819.379444444444
"202502201400",1058.17388888889
"202502201500",1321.24833333333
"202502201600",1531.57611111111
"202502201700",1656.15611111111
"202502201800",1701.20888888889
"202502201900",1703.59555555556
"202502202000",0
"202502202100",0
"202502202200",0
"202502202300",0
"202502210000",0
"202502210100",0
"202502210200",0
"202502210300",0
"202502210400",0
"202502210500",0
"202502210600",0
"202502210700",0
"202502210800",1.61
"202502210900",88.5333333333333
"202502211000",322.815555555556
"202502211100",690.256666666667
"202502211200",1144.32166666667
"202502211300",1623.08555555556
"202502211400",2078.48666666667
"202502211500",2526.74277777778
"202502211600",2877.39722222222
"202502211700",3128.87444444444
"202502211800",3233.13111111111
"202502211900",3238.01222222222
"202502212000",0
"202502212100",0
"202502212200",0
"202502212300",0
"202502220000",0
"202502220100",0
"202502220200",0
"202502220300",0
"202502220400",0
"202502220500",0
"202502220600",0
"202502220700",0
"202502220800",1.08222222222222
"202502220900",26.9138888888889
"202502221000",114.984444444444
"202502221100",361.446666666667
"202502221200",687.265555555556
"202502221300",937.113333333333
"202502221400",1227.83111111111
"202502221500",1513.40222222222
"202502221600",1714.38
"202502221700",1847.90944444444
"202502221800",1901.37166666667
"202502221900",1904.10111111111
"202502222000",0
"202502222100",0
"202502222200",0
"202502222300",0
"202502230000",0
"202502230100",0
"202502230200",0
"202502230300",0
"202502230400",0
"202502230500",0
"202502230600",0
"202502230700",0
"202502230800",1.66722222222222
"202502230900",43.2238888888889
"202502231000",175.78
"202502231100",394.817777777778
"202502231200",668.848333333333
"202502231300",1072.87388888889
"202502231400",1590.79277777778
"202502231500",2108.64611111111
"202502231600",2517.44111111111
"202502231700",2789.86611111111
"202502231800",2902.61111111111
"202502231900",2908.90666666667
"202502232000",0
"202502232100",0
"202502232200",0
"202502232300",0
"202502240000",0
"202502240100",0
"202502240200",0
"202502240300",0
"202502240400",0
"202502240500",0
"202502240600",0
"202502240700",0
"202502240800",2.78
"202502240900",72.7711111111111
"202502241000",290.971111111111
"202502241100",674.222777777778
"202502241200",1179.19888888889
"202502241300",1721.13444444444
"202502241400",2225.47388888889
"202502241500",2673.48277777778
"202502241600",3005.89333333333
"202502241700",3250.12722222222
"202502241800",3355.50222222222
"202502241900",3362.11388888889
"202502242000",0
"202502242100",0
"202502242200",0
"202502242300",0
"202502250000",0
"202502250100",0
"202502250200",0
"202502250300",0
"202502250400",0
"202502250500",0
"202502250600",0
"202502250700",0
"202502250800",1.80111111111111
"202502250900",49.8044444444444
"202502251000",180.683333333333
"202502251100",392.748333333333
"202502251200",614.267222222222
"202502251300",906.957222222222
"202502251400",1105.56722222222
"202502251500",1336.20833333333
"202502251600",1605.30666666667
"202502251700",1813.90444444444
"202502251800",1890.985
"202502251900",1897.32277777778
"202502252000",0
"202502252100",0
"202502252200",0
"202502252300",0
"202502260000",0
"202502260100",0
"202502260200",0
"202502260300",0
"202502260400",0
"202502260500",0
"202502260600",0
"202502260700",0
"202502260800",5.04111111111111
"202502260900",93.3861111111111
"202502261000",360.783333333333
"202502261100",784.607222222222
"202502261200",1324.62
"202502261300",1924.99444444444
"202502261400",2525.10777777778
"202502261500",3072.08722222222
"202502261600",3509.82277777778
"202502261700",3777.03388888889
"202502261800",3876.67944444444
"202502261900",3883.48277777778
"202502262000",0
"202502262100",0
"202502262200",0
"202502262300",0
"202502270000",0
"202502270100",0
"202502270200",0
"202502270300",0
"202502270400",0
"202502270500",0
"202502270600",0
"202502270700",0
"202502270800",4.74166666666667
"202502270900",77.1866666666667
"202502271000",208.722777777778
"202502271100",435.567777777778
"202502271200",753.182777777778
"202502271300",1102.48444444444
"202502271400",1440.24222222222
"202502271500",1864.75722222222
"202502271600",2208.78833333333
"202502271700",2426.00388888889
"202502271800",2521.54777777778
"202502271900",2527.71666666667
"202502272000",0
"202502272100",0
"202502272200",0
"202502272300",0
"202502280000",0
"202502280100",0
"202502280200",0
"202502280300",0
"202502280400",0
"202502280500",0
"202502280600",0
"202502280700",0
"202502280800",1.95166666666667
"202502280900",50.7183333333333
"202502281000",169.625
"202502281100",301.222777777778
"202502281200",531.596111111111
"202502281300",824.052222222222
"202502281400",1245.25444444444
"202502281500",1505.26722222222
"202502281600",1702.30388888889
"202502281700",1787.67166666667
"202502281800",1832.96555555556
"202502281900",1837.39222222222
"202502282000",0
"202502282100",0
"202502282200",0
"202502282300",0
"202503010000",0
"202503010100",0
"202503010200",0
"202503010300",0
"202503010400",0
"202503010500",0
"202503010600",0
"202503010700",0
"202503010800",5.02666666666667
"202503010900",73.3027777777778
"202503011000",220.535
"202503011100",501.322777777778
"202503011200",838.537777777778
"202503011300",1262.41055555556
"202503011400",1664.34166666667
"202503011500",2102.32166666667
"202503011600",2421.30222222222
"202503011700",2594.52944444444
"202503011800",2681.16833333333
"202503011900",2688.19277777778
"202503012000",0
"202503012100",0
"202503012200",0
"202503012300",0
"202503020000",0
"202503020100",0
"202503020200",0
"202503020300",0
"202503020400",0
"202503020500",0
"202503020600",0
"202503020700",0
"202503020800",11.3538888888889
"202503020900",150.024444444444
"202503021000",463.129444444444
"202503021100",930.351111111111
"202503021200",1491.61277777778
"202503021300",2111.98222222222
"202503021400",2634.16666666667
"202503021500",3086.33666666667
"202503021600",3480.70944444444
"202503021700",3732.18555555556
"202503021800",3851.985
"202503021900",3865.93888888889
"202503022000",0
"202503022100",0
"202503022200",0
"202503022300",0
"202503030000",0
"202503030100",0
"202503030200",0
"202503030300",0
"202503030400",0
"202503030500",0
"202503030600",0
"202503030700",0
"202503030800",12.5433333333333
"202503030900",152.213333333333
"202503031000",462.3
"202503031100",922.115
"202503031200",1491.08513888889
"202503031300",2116.28625
"202503031400",2744.71055555556
"202503031500",3317.41833333333
"202503031600",3782.30666666667
"202503031700",4082.29555555556
"202503031800",4209.50277777778
"202503031900",4223.55833333333
"202503032000",0
"202503032100",0
"202503032200",0
"202503032300",0
"202503040000",0
"202503040100",0
"202503040200",0
"202503040300",0
"202503040400",0
"202503040500",0
"202503040600",0
"202503040700",0
"202503040800",5.66833333333333
"202503040900",82.4411111111111
"202503041000",196.68
"202503041100",363.603611111111
"202503041200",485.389340277778
"202503041300",590.153819444444
"202503041400",758.101041666667
"202503041500",868.788819444444
"202503041600",921.003819444444
"202503041700",955.772152777778
"202503041800",977.397152777778
"202503041900",979.141597222222
"202503042000",0
"202503042100",0
"202503042200",0
"202503042300",0
"202503050000",0
"202503050100",0
"202503050200",0
"202503050300",0
"202503050400",0
"202503050500",0
"202503050600",0
"202503050700",0
"202503050800",1.74611111111111
"202503050900",14.1833333333333
"202503051000",49.0072222222222
"202503051100",111.460520833333
"202503051200",164.924166666667
"202503051300",227.864965277778
"202503051400",310.894409722222
"202503051500",415.673298611111
"202503051600",482.834965277778
"202503051700",526.234409722222
"202503051800",552.791076388889
"202503051900",555.859965277778
"202503052000",0
"202503052100",0
"202503052200",0
"202503052300",0
"202503060000",0
"202503060100",0
"202503060200",0
"202503060300",0
"202503060400",0
"202503060500",0
"202503060600",0
"202503060700",0
"202503060800",10.3738888888889
"202503060900",102.253888888889
"202503061000",308.818333333333
"202503061100",630.910416666667
"202503061200",1105.98020833333
"202503061300",1654.26569444444
"202503061400",2311.01125
"202503061500",2912.78694444444
"202503061600",3367.37972222222
"202503061700",3652.01916666667
"202503061800",3800.52138888889
"202503061900",3823.5025
"202503062000",0
"202503062100",0
"202503062200",0
"202503062300",0
"202503070000",0
"202503070100",0
"202503070200",0
"202503070300",0
"202503070400",0
"202503070500",0
"202503070600",0
"202503070700",0
"202503070800",19.8622222222222
"202503070900",169.542222222222
"202503071000",499.35
"202503071100",976.152916666667
"202503071200",1490.28597222222
"202503071300",1921.77541666667
"202503071400",2331.68944444444
"202503071500",2744.625
"202503071600",3113.33888888889
"202503071700",3320.23611111111
"202503071800",3407.32722222222
"202503071900",3421.60444444444
"202503072000",0
"202503072100",0
"202503072200",0
"202503072300",0
"202503080000",0
"202503080100",0
"202503080200",0
"202503080300",0
"202503080400",0
"202503080500",0
"202503080600",0
"202503080700",0
"202503080800",21.2055555555556
"202503080900",157.317777777778
"202503081000",451.276111111111
"202503081100",897.924027777778
"202503081200",1432.21347222222
"202503081300",2032.91375
"202503081400",2407.37611111111
"202503081500",2593.15722222222
"202503081600",2812.42944444444
"202503081700",3022.20944444444
"202503081800",3130.58833333333
"202503081900",3155.15277777778
"202503082000",0
"202503082100",0
"202503082200",0
"202503082300",0
"202503090000",0
"202503090100",0
"202503090300",0
"202503090400",0
"202503090500",0
"202503090600",0
"202503090700",0
"202503090800",0
"202503090900",23.3977777777778
"202503091000",113.257777777778
"202503091100",349.185694444444
"202503091200",705.287013888889
"202503091300",1018.28319444444
"202503091400",1511.01902777778
"202503091500",2164.32944444444
"202503091600",2766.00916666667
"202503091700",3254.63638888889
"202503091800",3582.35472222222
"202503091900",3745.7675
"202503092000",3774.2375
"202503092100",0
"202503092200",0
"202503092300",0
"202503100000",0
"202503100100",0
"202503100200",0
"202503100300",0
"202503100400",0
"202503100500",0
"202503100600",0
"202503100700",0
"202503100800",0
"202503100900",28.2161111111111
"202503101000",205.306666666667
"202503101100",535.666527777778
"202503101200",985.498472222222
"202503101300",1501.83611111111
"202503101400",2068.20125
"202503101500",2710.78027777778
"202503101600",3303.65805555556
"202503101700",3794.01972222222
"202503101800",4129.57527777778
"202503101900",4290.02805555556
"202503102000",4314.38527777778
"202503102100",0
"202503102200",0
"202503102300",0
"202503110000",0
"202503110100",0
"202503110200",0
"202503110300",0
"202503110400",0
"202503110500",0
"202503110600",0
"202503110700",0
"202503110800",0
"202503110900",16.0783333333333
"202503111000",120.067777777778
"202503111100",362.334027777778
"202503111200",800.625694444444
"202503111300",1327.25333333333
"202503111400",1936.70861111111
"202503111500",2463.955
"202503111600",2949.78194444444
"202503111700",3405.22722222222
"202503111800",3733.04722222222
"202503111900",3909.85833333333
"202503112000",3932.69277777778
"202503112100",0
"202503112200",0
"202503112300",0
"202503120000",0
"202503120100",0
"202503120200",0
"202503120300",0
"202503120400",0
"202503120500",0
"202503120600",0
"202503120700",0
"202503120800",0
"202503120900",20.7544444444444
"202503121000",160.843888888889
"202503121100",459.61625
"202503121200",923.30625
"202503121300",1516.95527777778
"202503121400",2178.79416666667
"202503121500",2848.81694444444
"202503121600",3462.66138888889
"202503121700",3958.72805555556
"202503121800",4283.86805555556
"202503121900",4440.32361111111
"202503122000",4466.65583333333
"202503122100",0
"202503122200",0
"202503122300",0
"202503130000",0
"202503130100",0
"202503130200",0
"202503130300",0
"202503130400",0
"202503130500",0
"202503130600",0
"202503130700",0
"202503130800",0
"202503130900",39.445
"202503131000",236.852777777778
"202503131100",591.858888888889
"202503131200",1051.43944444444
"202503131300",1529.22041666667
"202503131400",2023.34194444444
"202503131500",2515.07
"202503131600",2914.76055555556
"202503131700",3285.34
"202503131800",3611.69055555556
"202503131900",3802.36388888889
"202503132000",3839.61333333333
"202503132100",0
"202503132200",0
"202503132300",0
"202503140000",0
"202503140100",0
"202503140200",0
"202503140300",0
"202503140400",0
"202503140500",0
"202503140600",0
"202503140700",0
"202503140800",0
"202503140900",33.2738888888889
"202503141000",167.572013888889
"202503141100",484.481111111111
"202503141200",943.68375
"202503141300",1462.05986111111
"202503141400",1988.32055555556
"202503141500",2492.90055555556
"202503141600",2963.73611111111
"202503141700",3397.39611111111
"202503141800",3693.46833333333
"202503141900",3852.04333333333
"202503142000",3885.10833333333
"202503142100",0
"202503142200",0
"202503142300",0
"202503150000",0
"202503150100",0
"202503150200",0
"202503150300",0
"202503150400",0
"202503150500",0
"202503150600",0
"202503150700",0
"202503150800",0
"202503150900",25.2444444444444
"202503151000",209.083333333333
"202503151100",572.506388888889
"202503151200",1064.94444444444
"202503151300",1607.99416666667
"202503151400",2226.78222222222
"202503151500",2540.52555555556
"202503151600",2964.71333333333
"202503151700",3371.81833333333
"202503151800",3560.17666666667
"202503151900",3751.14138888889
"202503152000",3791.01694444444
"202503152100",0
"202503152200",0
"202503152300",0
"202503160000",0
"202503160100",0
"202503160200",0
"202503160300",0
"202503160400",0
"202503160500",0
"202503160600",0
"202503160700",0
"202503160800",0
"202503160900",13.9666666666667
"202503161000",89.7588888888889
"202503161100",228.913055555556
"202503161200",451.927013888889
"202503161300",744.2625
"202503161400",1032.94659722222
"202503161500",1386.33666666667
"202503161600",1740.60930555556
"202503161700",2064.81930555556
"202503161800",2338.44888888889
"202503161900",2535.24722222222
"202503162000",2581.93555555556
"202503162100",0
"202503162200",0
"202503162300",0
"202503170000",0
"202503170100",0
"202503170200",0
"202503170300",0
"202503170400",0
"202503170500",0
"202503170600",0
"202503170700",0
"202503170800",0
"202503170900",55.1844444444444
"202503171000",275.960347222222
"202503171100",677.88625
"202503171200",1207.85694444444
"202503171300",1637.62930555556
"202503171400",1941.83069444444
"202503171500",2162.98097222222
"202503171600",2522.41555555556
"202503171700",2808.29972222222
"202503171800",2924.73722222222
"202503171900",2984.07694444444
"202503172000",3010.12138888889
"202503172100",0
"202503172200",0
"202503172300",0
"202503180000",0
"202503180100",0
"202503180200",0
"202503180300",0
"202503180400",0
"202503180500",0
"202503180600",0
"202503180700",0
"202503180800",0
"202503180900",54.3841666666667
"202503181000",257.340625
"202503181100",577.952777777778
"202503181200",934.243402777778
"202503181300",1289.84458333333
"202503181400",1611.00541666667
"202503181500",2068.59680555556
"202503181600",2322.59819444444
"202503181700",2514.21333333333
"202503181800",2634.89444444444
"202503181900",2693.82861111111
"202503182000",2706.41527777778
"202503182100",0
"202503182200",0
"202503182300",0
"202503190000",0
"202503190100",0
"202503190200",0
"202503190300",0
"202503190400",0
"202503190500",0
"202503190600",0
"202503190700",0
"202503190800",0.0283333333333333
"202503190900",48.5802777777778
"202503191000",205.322517361111
"202503191100",471.594270833333
"202503191200",728.422361111111
"202503191300",934.921527777778
"202503191400",1132.96631944444
"202503191500",1418.87027777778
"202503191600",1556.50347222222
"202503191700",1673.90972222222
"202503191800",1739.24166666667
"202503191900",1789.87958333333
"202503192000",1798.51972222222
"202503192100",0
"202503192200",0
"202503192300",0
"202503200000",0
"202503200100",0
"202503200200",0
"202503200300",0
"202503200400",0
"202503200500",0
"202503200600",0
"202503200700",0
"202503200800",0.06
"202503200900",47.2410850694444
"202503201000",221.521180555556
"202503201100",516.139756944444
"202503201200",950.789027777778
"202503201300",1477.45916666667
"202503201400",2042.69125
"202503201500",2593.33944444444
"202503201600",3139.49
"202503201700",3659.54805555556
"202503201800",4071.47527777778
"202503201900",4304.07416666667
"202503202000",4363.67138888889
"202503202100",0
"202503202200",0
"202503202300",0
"202503210000",0
"202503210100",0
"202503210200",0
"202503210300",0
"202503210400",0
"202503210500",0
"202503210600",0
"202503210700",0
"202503210800",0.216111111111111
"202503210900",48.4661111111111
"202503211000",190.311111111111
"202503211100",356.702222222222
"202503211200",616.213888888889
"202503211300",1003.03833333333
"202503211400",1535.505
"202503211500",1894.23
"202503211600",2234.51
"202503211700",2612.63777777778
"202503211800",2850.22833333333
"202503211900",2995.50666666667
"202503212000",3035.73722222222
"202503212100",0
"202503212200",0
"202503212300",0
"202503220000",0
"202503220100",0
"202503220200",0
"202503220300",0
"202503220400",0
"202503220500",0
"202503220600",0
"202503220700",0
"202503220800",0.438333333333333
"202503220900",55.7138888888889
"202503221000",230.038888888889
"202503221100",552.911111111111
"202503221200",1035.82166666667
"202503221300",1514.21222222222
"202503221400",2104.28388888889
"202503221500",2715.85444444444
"202503221600",3318.36888888889
"202503221700",3866.79055555556
"202503221800",4282.37944444444
"202503221900",4526.32166666667
"202503222000",4593.41611111111
"202503222100",0.00256944444444444
"202503222200",0.00263888888888889
"202503222300",0.0025
"202503230000",0.0025
"202503230100",0.0025
"202503230200",0.00277777777777778
"202503230300",0.00277777777777778
"202503230400",0.00277777777777778
"202503230500",0.00277777777777778
"202503230600",0.00277777777777778
"202503230700",0.00277777777777778
"202503230800",0.648333333333333
"202503230900",43.1233333333333
"202503231000",161.111111111111
"202503231100",348.883333333333
"202503231200",533.184444444444
"202503231300",705.077777777778
"202503231400",927.796666666667
"202503231500",1084.03722222222
"202503231600",1252.93833333333
"202503231700",1405.57777777778
"202503231800",1503.43222222222
"202503231900",1583.80277777778
"202503232000",1599.90111111111
"202503232100",0.03125
"202503232200",0.03125
"202503232300",0.0313888888888889
"202503240000",0.0313888888888889
"202503240100",0.0311111111111111
"202503240200",0.0311111111111111
"202503240300",0.0311111111111111
"202503240400",0.0311111111111111
"202503240500",0.0311111111111111
"202503240600",0.0311111111111111
"202503240700",0.0311111111111111
"202503240800",0.407222222222222
"202503240900",25.5705555555556
"202503241000",117.550555555556
"202503241100",276.933333333333
"202503241200",508.997222222222
"202503241300",983.398888888889
"202503241400",1453.23277777778
"202503241500",1925.24722222222
"202503241600",2367.11666666667
"202503241700",2625.94833333333
"202503241800",2751.51166666667
"202503241900",2854.17722222222
"202503242000",2889.75055555556
"202503242100",0.0963194444444444
"202503242200",0.0963888888888889
"202503242300",0.0963888888888889
"202503250000",0.0963888888888889
"202503250100",0.0963888888888889
"202503250200",0.0966666666666667
"202503250300",0.0966666666666667
"202503250400",0.0966666666666667
"202503250500",0.0966666666666667
"202503250600",0.0966666666666667
"202503250700",0.0966666666666667
"202503250800",1.51
"202503250900",71.9266666666667
"202503251000",260.001111111111
"202503251100",607.915
"202503251200",1004.83222222222
"202503251300",1436.95444444444
"202503251400",1920.59555555556
"202503251500",2427.39944444444
"202503251600",2849.08944444444
"202503251700",3188.62222222222
"202503251800",3413.27166666667
"202503251900",3540.925
"202503252000",3598.08666666667
"202503252100",0.223958333333333
"202503252200",0.223888888888889
"202503252300",0.224166666666667
"202503260000",0.224166666666667
"202503260100",0.223888888888889
"202503260200",0.223888888888889
"202503260300",0.223888888888889
"202503260400",0.223888888888889
"202503260500",0.223888888888889
"202503260600",0.223888888888889
"202503260700",0.223888888888889
"202503260800",2.99666666666667
"202503260900",105.967222222222
"202503261000",393.12
"202503261100",862.704444444444
"202503261200",1484.89
"202503261300",2214.15
"202503261400",2995.3
"202503261500",3738.08111111111
"202503261600",4388.48833333333
"202503261700",4914.09777777778
"202503261800",5351.89166666667
"202503261900",5607.56555555556
"202503262000",5684.68611111111
"202503262100",0.411458333333333
"202503262200",0.411388888888889
"202503262300",0.411666666666667
"202503270000",0.411666666666667
"202503270100",0.411666666666667
"202503270200",0.411111111111111
"202503270300",0.411111111111111
"202503270400",0.411111111111111
"202503270500",0.411111111111111
"202503270600",0.411111111111111
"202503270700",0.411111111111111
"202503270800",3.72388888888889
"202503270900",105.955
"202503271000",384.071111111111
"202503271100",823.63
"202503271200",1380.62833333333
"202503271300",1785.06
"202503271400",2151.60888888889
"202503271500",2513.37555555556
"202503271600",2935.83888888889
"202503271700",3358.21166666667
"202503271800",3672.35555555556
"202503271900",3896.76555555556
"202503272000",3959.345
"202503272100",0.598958333333333
"202503272200",0.598888888888889
"202503272300",0.599166666666667
"202503280000",0.599166666666667
"202503280100",0.599166666666667
"202503280200",0.598888888888889
"202503280300",0.598888888888889
"202503280400",0.598888888888889
"202503280500",0.598888888888889
"202503280600",0.598888888888889
"202503280700",0.598888888888889
"202503280800",2.27666666666667
"202503280900",28.7533333333333
"202503281000",91.5833333333333
"202503281100",188.353888888889
"202503281200",345.093333333333
"202503281300",619.934444444444
"202503281400",914.878333333333
"202503281500",1426.00277777778
"202503281600",1705.16166666667
"202503281700",1887.27888888889
"202503281800",1976.10166666667
"202503281900",2012.05833333333
"202503282000",2021.11722222222
"202503282100",0.0625
"202503282200",0.0625
"202503282300",0.0625
"202503290000",0.0625
"202503290100",0.0625
"202503290200",0.0627777777777778
"202503290300",0.0627777777777778
"202503290400",0.0627777777777778
"202503290500",0.0627777777777778
"202503290600",0.0627777777777778
"202503290700",0.0627777777777778
"202503290800",1.90055555555556
"202503290900",42.9838888888889
"202503291000",167.110555555556
"202503291100",390.120555555556
"202503291200",709.062777777778
"202503291300",1087.95055555556
"202503291400",1547.76833333333
"202503291500",1917.22166666667
"202503291600",2224.42277777778
"202503291700",2508.93611111111
"202503291800",2739.54555555556
"202503291900",2849.51
"202503292000",2879.87611111111
"202503292100",0.502569444444444
"202503292200",0.502638888888889
"202503292300",0.5025
"202503300000",0.5025
"202503300100",0.5025
"202503300200",0.502777777777778
"202503300300",0.502777777777778
"202503300400",0.502777777777778
"202503300500",0.502777777777778
"202503300600",0.502777777777778
"202503300700",0.502777777777778
"202503300800",1.44388888888889
"202503300900",12.0222222222222
"202503301000",48.6794444444444
"202503301100",115.417777777778
"202503301200",173.508888888889
"202503301300",219.758888888889
"202503301400",282.283888888889
"202503301500",355.881666666667
"202503301600",467.335555555556
"202503301700",570.795555555556
"202503301800",618.173333333333
"202503301900",639.278333333333
"202503302000",646.939444444444
"202503302100",0.190069444444444
"202503302200",0.190138888888889
"202503302300",0.19
"202503310000",0.19
"202503310100",0.19
"202503310200",0.190555555555556
"202503310300",0.190555555555556
"202503310400",0.190555555555556
"202503310500",0.190555555555556
"202503310600",0.190555555555556
"202503310700",0.190555555555556
"202503310800",6.27333333333333
"202503310900",89.8611111111111
"202503311000",325.869444444444
"202503311100",730.915
"202503311200",1226.30777777778
"202503311300",1807.42166666667
"202503311400",2492.69888888889
"202503311500",3170.62944444444
"202503311600",3882.14055555556
"202503311700",4507.99722222222
"202503311800",4978.83888888889
"202503311900",5264.30888888889
